Runs,Mins,BF,4s,6s,SR,Pos,Dismissal,Inns,Opposition,Ground,Start Date,Scorecard,is_not_out,DNB
12,33,22,1,0,54.54,2,lbw,1,Sri Lanka,Dambulla,2008-08-18,ODI # 2742,0,0
37,82,67,6,0,55.22,2,caught,2,Sri Lanka,Dambulla,2008-08-20,ODI # 2745,0,0
25,40,38,4,0,65.78,1,run out,1,Sri Lanka,Colombo (RPS),2008-08-24,ODI # 2750,0,0
54,87,66,7,0,81.81,1,bowled,1,Sri Lanka,Colombo (RPS),2008-08-27,ODI # 2755,0,0
31,45,46,3,1,67.39,1,lbw,2,Sri Lanka,Colombo (RPS),2008-08-29,ODI # 2756,0,0
2,6,2,0,0,100.0,7,not out,1,Sri Lanka,Colombo (RPS),2009-09-14,ODI # 2889,1,0
16,28,24,1,0,66.66,4,caught,2,Pakistan,Centurion,2009-09-26,ODI # 2898,0,0
0,0,0,0,0,0.0,-,-,-,Australia,Centurion,2009-09-28,ODI # 2901,0,1
79,121,104,9,2,75.96,4,not out,2,West Indies,Johannesburg,2009-09-30,ODI # 2904,1,0
30,53,41,3,0,73.17,4,caught,2,Australia,Vadodara,2009-10-25,ODI # 2913,0,0
10,32,16,1,0,62.5,3,caught,2,Australia,Mohali,2009-11-02,ODI # 2919,0,0
27,20,19,4,0,142.1,7,bowled,1,Sri Lanka,Rajkot,2009-12-15,ODI # 2932,0,0
54,93,65,7,0,83.07,4,lbw,1,Sri Lanka,Nagpur,2009-12-18,ODI # 2933,0,0
107,0,114,11,1,93.85,4,caught,2,Sri Lanka,Eden Gardens,2009-12-24,ODI # 2935,0,0
0,0,0,0,0,0.0,-,-,-,Sri Lanka,Delhi,2009-12-27,ODI # 2936,0,1
9,19,12,1,0,75.0,3,caught,1,Sri Lanka,Mirpur,2010-01-05,ODI # 2938,0,0
91,136,102,7,0,89.21,3,caught,2,Bangladesh,Mirpur,2010-01-07,ODI # 2939,0,0
71,98,68,9,0,104.41,3,not out,2,Sri Lanka,Mirpur,2010-01-10,ODI # 2941,1,0
102,128,95,11,0,107.36,3,not out,2,Bangladesh,Mirpur,2010-01-11,ODI # 2942,1,0
2,6,8,0,0,25.0,3,caught,1,Sri Lanka,Mirpur,2010-01-13,ODI # 2943,0,0
31,0,46,1,0,67.39,5,caught,1,South Africa,Jaipur,2010-02-21,ODI # 2961,0,0
0,0,0,0,0,0.0,-,-,1,South Africa,Gwalior,2010-02-24,ODI # 2962,0,1
57,0,71,4,1,80.28,3,caught,2,South Africa,Ahmedabad,2010-02-27,ODI # 2963,0,0
0,3,0,0,0,0.0,3,run out,1,Zimbabwe,Bulawayo,2010-05-28,ODI # 2981,0,0
82,125,92,4,0,89.13,3,caught,2,Sri Lanka,Bulawayo,2010-05-30,ODI # 2983,0,0
18,28,29,1,0,62.06,3,caught,1,Zimbabwe,Harare,2010-06-03,ODI # 2986,0,0
68,123,95,5,0,71.57,3,caught,1,Sri Lanka,Harare,2010-06-05,ODI # 2988,0,0
11,35,22,0,0,50.0,3,stumped,2,Bangladesh,Dambulla,2010-06-16,ODI # 2993,0,0
18,31,27,1,0,66.66,3,bowled,2,Pakistan,Dambulla,2010-06-19,ODI # 2996,0,0
10,13,14,1,0,71.42,3,caught,1,Sri Lanka,Dambulla,2010-06-22,ODI # 2999,0,0
28,57,34,4,0,82.35,3,caught,1,Sri Lanka,Dambulla,2010-06-24,ODI # 3001,0,0
0,5,3,0,0,0.0,3,caught,2,Sri Lanka,Dambulla,2010-08-16,ODI # 3032,0,0
8,22,16,1,0,50.0,3,caught,1,New Zealand,Dambulla,2010-08-25,ODI # 3039,0,0
37,98,57,5,0,64.91,3,caught,2,Sri Lanka,Dambulla,2010-08-28,ODI # 3040,0,0
118,193,121,11,1,97.52,3,caught,2,Australia,Visakhapatnam,2010-10-20,ODI # 3060,0,0
105,162,104,10,0,100.96,3,caught,1,New Zealand,Guwahati,2010-11-28,ODI # 3070,0,0
64,78,73,8,0,87.67,3,caught,2,New Zealand,Jaipur,2010-12-01,ODI # 3072,0,0
63,83,70,6,2,90.0,3,not out,2,New Zealand,Vadodara,2010-12-04,ODI # 3074,1,0
0,3,2,0,0,0.0,3,caught,2,New Zealand,Bengaluru,2010-12-07,ODI # 3076,0,0
2,10,8,0,0,25.0,3,caught,2,New Zealand,Chennai,2010-12-10,ODI # 3077,0,0
54,122,70,2,1,77.14,3,caught,2,South Africa,Durban,2011-01-12,ODI # 3079,0,0
22,43,34,1,0,64.7,3,run out,1,South Africa,Johannesburg,2011-01-15,ODI # 3080,0,0
28,51,41,5,0,68.29,3,caught,2,South Africa,Cape Town,2011-01-18,ODI # 3082,0,0
87,126,92,7,2,94.56,3,not out,2,South Africa,Gqeberha,2011-01-21,ODI # 3084,1,0
2,11,6,0,0,33.33,3,caught,2,South Africa,Centurion,2011-01-23,ODI # 3087,0,0
100,113,83,8,2,120.48,4,not out,1,Bangladesh,Mirpur,2011-02-19,ODI # 3100,1,0
8,12,5,1,0,160.0,7,bowled,1,England,Bengaluru,2011-02-27,ODI # 3110,0,0
34,82,53,3,0,64.15,4,run out,2,Ireland,Bengaluru,2011-03-06,ODI # 3121,0,0
12,16,20,2,0,60.0,5,bowled,2,Netherlands,Delhi,2011-03-09,ODI # 3124,0,0
1,2,3,0,0,33.33,7,caught,1,South Africa,Nagpur,2011-03-12,ODI # 3128,0,0
59,128,76,5,0,77.63,3,bowled,1,West Indies,Chennai,2011-03-20,ODI # 3141,0,0
24,38,33,1,0,72.72,4,caught,2,Australia,Ahmedabad,2011-03-24,ODI # 3143,0,0
9,20,21,0,0,42.85,4,caught,1,Pakistan,Mohali,2011-03-30,ODI # 3147,0,0
35,69,49,4,0,71.42,4,caught,2,Sri Lanka,Wankhede,2011-04-02,ODI # 3148,0,0
2,5,8,0,0,25.0,3,caught,2,West Indies,Port of Spain,2011-06-06,ODI # 3159,0,0
81,118,103,6,1,78.64,3,caught,2,West Indies,Port of Spain,2011-06-08,ODI # 3160,0,0
0,1,1,0,0,0.0,3,lbw,2,West Indies,North Sound,2011-06-11,ODI # 3161,0,0
22,68,33,1,0,66.66,3,stumped,2,West Indies,North Sound,2011-06-13,ODI # 3162,0,0
94,135,104,10,0,90.38,3,run out,1,West Indies,Kingston,2011-06-16,ODI # 3163,0,0
55,92,73,4,0,75.34,4,bowled,1,England,Chester-le-Street,2011-09-03,ODI # 3186,0,0
9,9,9,0,0,100.0,4,caught,1,England,Southampton,2011-09-06,ODI # 3187,0,0
7,18,18,0,0,38.88,4,caught,1,England,The Oval,2011-09-09,ODI # 3189,0,0
16,40,36,1,0,44.44,4,caught,1,England,Lord's,2011-09-11,ODI # 3191,0,0
107,102,93,9,1,115.05,4,hit wicket,1,England,Cardiff,2011-09-16,ODI # 3195,0,0
37,70,63,0,0,58.73,4,caught,1,England,Hyderabad,2011-10-14,ODI # 3199,0,0
112,134,98,16,0,114.28,4,not out,2,England,Delhi,2011-10-17,ODI # 3201,1,0
35,42,30,5,0,116.66,4,lbw,2,England,Mohali,2011-10-20,ODI # 3205,0,0
86,0,99,11,0,86.86,4,not out,2,England,Wankhede,2011-10-23,ODI # 3207,1,0
0,5,5,0,0,0.0,3,bowled,1,England,Eden Gardens,2011-10-25,ODI # 3210,0,0
3,13,6,0,0,50.0,4,bowled,2,West Indies,Cuttack,2011-11-29,ODI # 3217,0,0
117,154,123,14,0,95.12,4,caught,2,West Indies,Visakhapatnam,2011-12-02,ODI # 3219,0,0
20,21,30,3,0,66.66,4,lbw,2,West Indies,Ahmedabad,2011-12-05,ODI # 3221,0,0
23,15,11,3,0,209.09,6,not out,1,West Indies,Indore,2011-12-08,ODI # 3223,1,0
80,99,85,5,0,94.11,5,caught,1,West Indies,Chennai,2011-12-11,ODI # 3224,0,0
31,30,34,3,0,91.17,3,caught,2,Australia,Melbourne,2012-02-05,ODI # 3231,0,0
77,156,94,8,1,81.91,3,run out,2,Sri Lanka,W.A.C.A,2012-02-08,ODI # 3233,0,0
18,41,28,1,0,64.28,3,caught,2,Australia,Adelaide,2012-02-12,ODI # 3237,0,0
15,32,25,1,0,60.0,3,lbw,2,Sri Lanka,Adelaide,2012-02-14,ODI # 3239,0,0
12,44,25,0,0,48.0,3,caught,2,Australia,Brisbane,2012-02-19,ODI # 3244,0,0
66,116,83,2,0,79.51,4,caught,2,Sri Lanka,Brisbane,2012-02-21,ODI # 3246,0,0
21,36,27,2,0,77.77,4,caught,2,Australia,Sydney,2012-02-26,ODI # 3250,0,0
133,133,86,16,2,154.65,4,not out,2,Sri Lanka,Hobart,2012-02-28,ODI # 3251,1,0
108,148,120,7,0,90.0,3,caught,1,Sri Lanka,Mirpur,2012-03-13,ODI # 3259,0,0
66,126,82,5,0,80.48,3,bowled,1,Bangladesh,Mirpur,2012-03-16,ODI # 3261,0,0
183,211,148,22,1,123.64,3,caught,2,Pakistan,Mirpur,2012-03-18,ODI # 3263,0,0
106,158,113,9,0,93.8,3,caught,1,Sri Lanka,Hambantota,2012-07-21,ODI # 3291,0,0
1,6,5,0,0,20.0,3,caught,1,Sri Lanka,Hambantota,2012-07-24,ODI # 3292,0,0
38,80,65,2,0,58.46,3,caught,2,Sri Lanka,Colombo (RPS),2012-07-28,ODI # 3293,0,0
128,187,119,12,1,107.56,3,not out,2,Sri Lanka,Colombo (RPS),2012-07-31,ODI # 3294,1,0
23,42,35,2,0,65.71,3,lbw,1,Sri Lanka,Pallekele,2012-08-04,ODI # 3295,0,0
0,9,5,0,0,0.0,3,bowled,1,Pakistan,Chennai,2012-12-30,ODI # 3314,0,0
6,12,9,1,0,66.66,3,caught,2,Pakistan,Eden Gardens,2013-01-03,ODI # 3315,0,0
7,25,17,1,0,41.17,3,caught,1,Pakistan,Delhi,2013-01-06,ODI # 3316,0,0
15,45,22,1,0,68.18,3,caught,2,England,Rajkot,2013-01-11,ODI # 3318,0,0
37,86,54,1,1,68.51,3,caught,1,England,Kochi,2013-01-15,ODI # 3320,0,0
77,110,79,9,2,97.46,3,not out,2,England,Ranchi,2013-01-19,ODI # 3322,1,0
26,44,33,3,0,78.78,3,caught,2,England,Mohali,2013-01-23,ODI # 3327,0,0
0,1,1,0,0,0.0,3,caught,1,England,Dharamsala,2013-01-27,ODI # 3329,0,0
31,46,41,2,0,75.6,3,caught,1,South Africa,Cardiff,2013-06-06,ODI # 3363,0,0
22,18,18,4,0,122.22,3,bowled,2,West Indies,The Oval,2013-06-11,ODI # 3368,0,0
22,36,27,3,0,81.48,3,not out,2,Pakistan,Birmingham,2013-06-15,ODI # 3372,1,0
58,80,64,4,1,90.62,3,not out,2,Sri Lanka,Cardiff,2013-06-20,ODI # 3376,1,0
43,66,34,4,1,126.47,3,caught,1,England,Birmingham,2013-06-23,ODI # 3377,0,0
11,19,21,0,1,52.38,3,caught,1,West Indies,Kingston,2013-06-30,ODI # 3380,0,0
2,6,5,0,0,40.0,4,caught,2,Sri Lanka,Kingston,2013-07-02,ODI # 3382,0,0
102,120,83,13,2,122.89,3,caught,1,West Indies,Port of Spain,2013-07-05,ODI # 3383,0,0
31,62,52,4,0,59.61,3,lbw,1,Sri Lanka,Port of Spain,2013-07-09,ODI # 3387,0,0
2,8,5,0,0,40.0,3,caught,2,Sri Lanka,Port of Spain,2013-07-11,ODI # 3388,0,0
115,133,108,13,1,106.48,3,caught,2,Zimbabwe,Harare,2013-07-24,ODI # 3395,0,0
14,35,18,2,0,77.77,3,caught,1,Zimbabwe,Harare,2013-07-26,ODI # 3397,0,0
68,128,88,5,1,77.27,3,not out,2,Zimbabwe,Harare,2013-07-28,ODI # 3399,1,0
0,0,0,0,0,0.0,-,-,2,Zimbabwe,Bulawayo,2013-08-01,ODI # 3402,0,1
0,0,0,0,0,0.0,-,-,2,Zimbabwe,Bulawayo,2013-08-03,ODI # 3403,0,1
61,121,85,6,0,71.76,3,lbw,2,Australia,Pune,2013-10-13,ODI # 3419,0,0
100,82,52,8,7,192.3,3,not out,2,Australia,Jaipur,2013-10-16,ODI # 3420,1,0
68,121,73,9,0,93.15,3,caught,1,Australia,Mohali,2013-10-19,ODI # 3421,0,0
0,0,0,0,0,0.0,-,-,2,Australia,Ranchi,2013-10-23,ODI # 3422,0,1
115,104,66,18,1,174.24,3,not out,2,Australia,Nagpur,2013-10-30,ODI # 3424,1,0
0,4,3,0,0,0.0,3,run out,1,Australia,Bengaluru,2013-11-02,ODI # 3428,0,0
86,120,84,9,2,102.38,3,caught,2,West Indies,Kochi,2013-11-21,ODI # 3436,0,0
99,159,100,9,0,99.0,3,caught,1,West Indies,Visakhapatnam,2013-11-24,ODI # 3437,0,0
19,19,18,3,0,105.55,3,caught,2,West Indies,Kanpur,2013-11-27,ODI # 3439,0,0
31,41,35,5,0,88.57,3,caught,2,South Africa,Johannesburg,2013-12-05,ODI # 3442,0,0
0,7,5,0,0,0.0,3,caught,2,South Africa,Durban,2013-12-08,ODI # 3443,0,0
0,0,0,0,0,0.0,-,-,-,South Africa,Centurion,2013-12-11,ODI # 3444,0,1
123,179,111,11,2,110.81,3,caught,2,New Zealand,Napier,2014-01-19,ODI # 3456,0,0
78,88,65,7,2,120.0,3,caught,2,New Zealand,Hamilton,2014-01-22,ODI # 3458,0,0
6,27,20,1,0,30.0,3,caught,2,New Zealand,Auckland,2014-01-25,ODI # 3462,0,0
2,14,10,0,0,20.0,2,caught,1,New Zealand,Hamilton,2014-01-28,ODI # 3465,0,0
82,129,78,7,3,105.12,3,caught,2,New Zealand,Wellington,2014-01-31,ODI # 3467,0,0
136,157,122,16,2,111.47,3,bowled,2,Bangladesh,Fatullah,2014-02-26,ODI # 3474,0,0
48,66,51,4,1,94.11,3,bowled,1,Sri Lanka,Fatullah,2014-02-28,ODI # 3476,0,0
5,29,11,0,0,45.45,3,caught,1,Pakistan,Mirpur,2014-03-02,ODI # 3479,0,0
0,0,0,0,0,0.0,-,-,2,Afghanistan,Mirpur,2014-03-05,ODI # 3483,0,1
0,1,3,0,0,0.0,3,caught,1,England,Cardiff,2014-08-27,ODI # 3517,0,0
40,67,50,2,1,80.0,3,caught,2,England,Nottingham,2014-08-30,ODI # 3520,0,0
1,9,3,0,0,33.33,3,not out,2,England,Birmingham,2014-09-02,ODI # 3523,1,0
13,25,21,2,0,61.9,3,caught,2,England,Leeds,2014-09-05,ODI # 3525,0,0
2,7,5,0,0,40.0,3,caught,2,West Indies,Kochi,2014-10-08,ODI # 3531,0,0
62,124,78,5,0,79.48,4,caught,1,West Indies,Delhi,2014-10-11,ODI # 3533,0,0
127,164,114,13,3,111.4,3,run out,1,West Indies,Dharamsala,2014-10-17,ODI # 3535,0,0
22,34,21,2,0,104.76,4,caught,1,Sri Lanka,Cuttack,2014-11-02,ODI # 3539,0,0
49,0,44,2,2,111.36,4,caught,2,Sri Lanka,Ahmedabad,2014-11-06,ODI # 3540,0,0
53,0,61,4,1,86.88,4,caught,2,Sri Lanka,Hyderabad,2014-11-09,ODI # 3543,0,0
66,109,64,6,0,103.12,4,run out,1,Sri Lanka,Eden Gardens,2014-11-13,ODI # 3544,0,0
139,192,126,12,3,110.31,4,not out,2,Sri Lanka,Ranchi,2014-11-16,ODI # 3547,1,0
9,24,16,0,0,56.25,4,caught,1,Australia,Melbourne,2015-01-18,ODI # 3582,0,0
4,13,8,0,0,50.0,4,caught,1,England,Brisbane,2015-01-20,ODI # 3586,0,0
3,8,9,0,0,33.33,4,not out,1,Australia,Sydney,2015-01-26,ODI # 3592,1,0
8,26,19,0,0,42.1,3,caught,1,England,W.A.C.A,2015-01-30,ODI # 3595,0,0
107,168,126,8,0,84.92,3,caught,1,Pakistan,Adelaide,2015-02-15,ODI # 3602,0,0
46,106,60,3,0,76.66,3,caught,1,South Africa,Melbourne,2015-02-22,ODI # 3610,0,0
33,49,41,5,0,80.48,3,not out,2,U.A.E.,W.A.C.A,2015-02-28,ODI # 3618,1,0
33,51,36,5,0,91.66,3,caught,2,West Indies,W.A.C.A,2015-03-06,ODI # 3625,0,0
44,64,42,4,1,104.76,3,not out,2,Ireland,Hamilton,2015-03-10,ODI # 3631,1,0
38,71,48,4,0,79.16,3,bowled,2,Zimbabwe,Auckland,2015-03-14,ODI # 3636,0,0
3,6,8,0,0,37.5,3,caught,1,Bangladesh,Melbourne,2015-03-19,ODI # 3641,0,0
1,11,13,0,0,7.69,3,caught,2,Australia,Sydney,2015-03-26,ODI # 3645,0,0
1,9,4,0,0,25.0,3,caught,2,Bangladesh,Mirpur,2015-06-18,ODI # 3658,0,0
23,57,27,3,1,85.18,3,lbw,1,Bangladesh,Mirpur,2015-06-21,ODI # 3660,0,0
25,55,35,1,0,71.42,3,bowled,1,Bangladesh,Mirpur,2015-06-24,ODI # 3661,0,0
11,29,18,0,0,61.11,4,caught,2,South Africa,Kanpur,2015-10-11,ODI # 3689,0,0
12,24,18,0,0,66.66,4,run out,1,South Africa,Indore,2015-10-14,ODI # 3692,0,0
77,155,99,5,0,77.77,3,caught,2,South Africa,Rajkot,2015-10-18,ODI # 3695,0,0
138,202,140,6,5,98.57,3,caught,1,South Africa,Chennai,2015-10-22,ODI # 3698,0,0
7,11,6,0,1,116.66,3,caught,2,South Africa,Wankhede,2015-10-25,ODI # 3700,0,0
91,148,97,9,1,93.81,3,caught,1,Australia,W.A.C.A,2016-01-12,ODI # 3723,0,0
59,84,67,4,0,88.05,3,run out,1,Australia,Brisbane,2016-01-15,ODI # 3724,0,0
117,174,117,7,2,100.0,3,caught,1,Australia,Melbourne,2016-01-17,ODI # 3725,0,0
106,131,92,11,1,115.21,3,caught,2,Australia,Canberra,2016-01-20,ODI # 3726,0,0
8,11,11,1,0,72.72,3,caught,2,Australia,Sydney,2016-01-23,ODI # 3727,0,0
85,109,81,9,1,104.93,3,not out,2,New Zealand,Dharamsala,2016-10-16,ODI # 3796,1,0
9,18,13,1,0,69.23,3,caught,2,New Zealand,Delhi,2016-10-20,ODI # 3797,0,0
154,202,134,16,1,114.92,3,not out,2,New Zealand,Mohali,2016-10-23,ODI # 3798,1,0
45,64,51,2,1,88.23,3,caught,2,New Zealand,Ranchi,2016-10-26,ODI # 3799,0,0
65,152,76,2,1,85.52,3,caught,1,New Zealand,Visakhapatnam,2016-10-29,ODI # 3800,0,0
122,147,105,8,5,116.19,3,caught,2,England,Pune,2017-01-15,ODI # 3819,0,0
8,6,5,2,0,160.0,3,caught,1,England,Cuttack,2017-01-19,ODI # 3821,0,0
55,81,63,8,0,87.3,3,caught,2,England,Eden Gardens,2017-01-22,ODI # 3824,0,0
81,108,68,6,3,119.11,3,not out,1,Pakistan,Birmingham,2017-06-04,ODI # 3878,1,0
0,5,5,0,0,0.0,3,caught,1,Sri Lanka,The Oval,2017-06-08,ODI # 3882,0,0
76,136,101,7,1,75.24,3,not out,2,South Africa,The Oval,2017-06-11,ODI # 3886,1,0
96,96,78,13,0,123.07,3,not out,2,Bangladesh,Birmingham,2017-06-15,ODI # 3891,1,0
5,11,9,0,0,55.55,3,caught,2,Pakistan,The Oval,2017-06-18,ODI # 3894,0,0
32,0,47,1,0,68.08,3,not out,1,West Indies,Port of Spain,2017-06-23,ODI # 3895,1,0
87,0,66,4,4,131.81,3,caught,1,West Indies,Port of Spain,2017-06-25,ODI # 3896,0,0
11,0,22,2,0,50.0,3,caught,1,West Indies,North Sound,2017-06-30,ODI # 3898,0,0
3,0,12,0,0,25.0,3,caught,2,West Indies,North Sound,2017-07-02,ODI # 3900,0,0
111,0,115,12,2,96.52,3,not out,2,West Indies,Kingston,2017-07-06,ODI # 3902,1,0
82,0,70,10,1,117.14,3,not out,2,Sri Lanka,Dambulla,2017-08-20,ODI # 3905,1,0
4,0,2,1,0,200.0,5,bowled,2,Sri Lanka,Pallekele,2017-08-24,ODI # 3906,0,0
3,0,11,0,0,27.27,3,caught,2,Sri Lanka,Pallekele,2017-08-27,ODI # 3907,0,0
131,0,96,17,2,136.45,3,caught,1,Sri Lanka,Colombo (RPS),2017-08-31,ODI # 3908,0,0
110,0,116,9,0,94.82,3,not out,2,Sri Lanka,Colombo (RPS),2017-09-03,ODI # 3909,1,0
0,7,4,0,0,0.0,3,caught,1,Australia,Chennai,2017-09-17,ODI # 3910,0,0
92,148,107,8,0,85.98,3,bowled,1,Australia,Eden Gardens,2017-09-21,ODI # 3912,0,0
28,58,35,2,0,80.0,3,caught,2,Australia,Indore,2017-09-24,ODI # 3914,0,0
21,23,21,3,0,100.0,3,bowled,2,Australia,Bengaluru,2017-09-28,ODI # 3917,0,0
39,73,55,2,0,70.9,3,caught,2,Australia,Nagpur,2017-10-01,ODI # 3919,0,0
121,203,125,9,2,96.8,3,caught,1,New Zealand,Wankhede,2017-10-22,ODI # 3928,0,0
29,40,29,3,1,100.0,3,caught,2,New Zealand,Pune,2017-10-25,ODI # 3931,0,0
113,166,106,9,1,106.6,3,caught,1,New Zealand,Kanpur,2017-10-29,ODI # 3932,0,0
112,164,119,10,0,94.11,3,caught,2,South Africa,Durban,2018-02-01,ODI # 3969,0,0
46,64,50,4,1,92.0,3,not out,2,South Africa,Centurion,2018-02-04,ODI # 3970,1,0
160,220,159,12,2,100.62,3,not out,1,South Africa,Cape Town,2018-02-07,ODI # 3971,1,0
75,119,83,7,1,90.36,3,caught,1,South Africa,Johannesburg,2018-02-10,ODI # 3973,0,0
36,76,54,2,0,66.66,3,run out,1,South Africa,Gqeberha,2018-02-13,ODI # 3976,0,0
129,123,96,19,2,134.37,3,not out,2,South Africa,Centurion,2018-02-16,ODI # 3978,1,0
75,0,82,7,0,91.46,3,stumped,2,England,Nottingham,2018-07-12,ODI # 4014,0,0
45,0,56,2,0,80.35,3,lbw,2,England,Lord's,2018-07-14,ODI # 4016,0,0
71,98,72,8,0,98.61,3,bowled,1,England,Leeds,2018-07-17,ODI # 4018,0,0
140,0,107,21,2,130.84,3,stumped,2,West Indies,Guwahati,2018-10-21,ODI # 4056,0,0
157,217,129,13,4,121.7,3,not out,1,West Indies,Visakhapatnam,2018-10-24,ODI # 4059,1,0
107,0,119,10,1,89.91,3,bowled,2,West Indies,Pune,2018-10-27,ODI # 4062,0,0
16,0,17,2,0,94.11,3,caught,1,West Indies,Brabourne,2018-10-29,ODI # 4063,0,0
33,57,29,6,0,113.79,3,not out,2,West Indies,Thiruvananthapuram,2018-11-01,ODI # 4064,1,0
3,10,8,0,0,37.5,3,caught,2,Australia,Sydney,2019-01-12,ODI # 4077,0,0
104,150,112,5,2,92.85,3,caught,2,Australia,Adelaide,2019-01-15,ODI # 4078,0,0
46,0,62,3,0,74.19,3,caught,2,Australia,Melbourne,2019-01-18,ODI # 4079,0,0
45,59,59,3,0,76.27,3,caught,2,New Zealand,Napier,2019-01-23,ODI # 4082,0,0
43,59,45,5,0,95.55,3,caught,1,New Zealand,Mount Maunganui,2019-01-26,ODI # 4085,0,0
60,94,74,6,1,81.08,3,caught,2,New Zealand,Mount Maunganui,2019-01-28,ODI # 4088,0,0
44,0,45,6,1,97.77,3,lbw,2,Australia,Hyderabad,2019-03-02,ODI # 4102,0,0
116,0,120,10,0,96.66,3,caught,1,Australia,Nagpur,2019-03-05,ODI # 4106,0,0
123,0,95,16,1,129.47,3,bowled,2,Australia,Ranchi,2019-03-08,ODI # 4109,0,0
7,0,6,1,0,116.66,4,caught,1,Australia,Mohali,2019-03-10,ODI # 4111,0,0
20,0,22,2,0,90.9,3,caught,2,Australia,Delhi,2019-03-13,ODI # 4113,0,0
18,44,34,1,0,52.94,3,caught,2,South Africa,Southampton,2019-06-05,ODI # 4150,0,0
82,128,77,4,2,106.49,3,caught,1,Australia,The Oval,2019-06-09,ODI # 4155,0,0
77,105,65,7,0,118.46,3,caught,1,Pakistan,Manchester,2019-06-16,ODI # 4161,0,0
67,105,63,5,0,106.34,3,caught,1,Afghanistan,Southampton,2019-06-22,ODI # 4169,0,0
72,146,82,8,0,87.8,3,caught,1,West Indies,Manchester,2019-06-27,ODI # 4175,0,0
66,103,76,7,0,86.84,3,caught,2,England,Birmingham,2019-06-30,ODI # 4179,0,0
26,45,27,3,0,96.29,3,caught,1,Bangladesh,Birmingham,2019-07-02,ODI # 4182,0,0
34,61,41,3,0,82.92,3,not out,2,Sri Lanka,Leeds,2019-07-06,ODI # 4187,1,0
1,8,6,0,0,16.66,3,lbw,2,New Zealand,Manchester,2019-07-09,ODI # 4190,0,0
0,0,0,0,0,0.0,-,-,-,West Indies,Providence,2019-08-08,ODI # 4196,0,1
120,179,125,14,1,96.0,3,caught,1,West Indies,Port of Spain,2019-08-11,ODI # 4197,0,0
114,127,99,14,0,115.15,3,not out,2,West Indies,Port of Spain,2019-08-14,ODI # 4199,1,0
4,0,4,1,0,100.0,3,bowled,1,West Indies,Chennai,2019-12-15,ODI # 4221,0,0
0,0,1,0,0,0.0,3,caught,1,West Indies,Visakhapatnam,2019-12-18,ODI # 4222,0,0
85,0,81,9,0,104.93,3,bowled,2,West Indies,Cuttack,2019-12-22,ODI # 4223,0,0
16,0,14,0,1,114.28,4,caught,1,Australia,Wankhede,2020-01-14,ODI # 4231,0,0
78,0,76,6,0,102.63,3,caught,1,Australia,Rajkot,2020-01-17,ODI # 4232,0,0
89,0,91,8,0,97.8,3,bowled,2,Australia,Bengaluru,2020-01-19,ODI # 4233,0,0
51,88,63,6,0,80.95,3,bowled,1,New Zealand,Hamilton,2020-02-05,ODI # 4235,0,0
15,31,25,1,0,60.0,3,bowled,2,New Zealand,Auckland,2020-02-08,ODI # 4239,0,0
9,20,12,0,1,75.0,3,caught,1,New Zealand,Mount Maunganui,2020-02-11,ODI # 4243,0,0
21,0,21,2,1,100.0,3,caught,2,Australia,Sydney,2020-11-27,ODI # 4265,0,0
89,0,87,7,2,102.29,3,caught,2,Australia,Sydney,2020-11-29,ODI # 4266,0,0
63,0,78,5,0,80.76,3,caught,1,Australia,Canberra,2020-12-02,ODI # 4267,0,0
56,65,60,6,0,93.33,3,caught,1,England,Pune,2021-03-23,ODI # 4281,0,0
66,110,79,3,1,83.54,3,caught,1,England,Pune,2021-03-26,ODI # 4283,0,0
7,14,10,1,0,70.0,3,bowled,1,England,Pune,2021-03-28,ODI # 4284,0,0
51,79,63,3,0,80.95,3,caught,2,South Africa,Paarl,2022-01-19,ODI # 4344,0,0
0,4,5,0,0,0.0,3,caught,1,South Africa,Paarl,2022-01-21,ODI # 4346,0,0
65,112,84,5,0,77.38,3,caught,2,South Africa,Cape Town,2022-01-23,ODI # 4349,0,0
8,6,4,2,0,200.0,3,caught,2,West Indies,Ahmedabad,2022-02-06,ODI # 4353,0,0
18,42,30,3,0,60.0,3,caught,1,West Indies,Ahmedabad,2022-02-09,ODI # 4355,0,0
0,2,2,0,0,0.0,3,caught,1,West Indies,Ahmedabad,2022-02-11,ODI # 4356,0,0
16,39,25,3,0,64.0,3,caught,2,England,Lord's,2022-07-14,ODI # 4428,0,0
17,27,22,3,0,77.27,3,caught,2,England,Manchester,2022-07-17,ODI # 4433,0,0
9,22,15,1,0,60.0,3,caught,1,Bangladesh,Mirpur,2022-12-04,ODI # 4493,0,0
5,9,6,1,0,83.33,1,bowled,2,Bangladesh,Mirpur,2022-12-07,ODI # 4496,0,0
113,174,91,11,2,124.17,3,caught,1,Bangladesh,Chattogram,2022-12-10,ODI # 4499,0,0
113,117,87,12,1,129.88,3,caught,1,Sri Lanka,Guwahati,2023-01-10,ODI # 4501,0,0
4,27,9,1,0,44.44,3,bowled,2,Sri Lanka,Eden Gardens,2023-01-12,ODI # 4503,0,0
166,173,110,13,8,150.9,3,not out,1,Sri Lanka,Thiruvananthapuram,2023-01-15,ODI # 4505,1,0
8,16,10,1,0,80.0,3,bowled,1,New Zealand,Hyderabad,2023-01-18,ODI # 4507,0,0
11,19,9,2,0,122.22,3,stumped,2,New Zealand,Raipur,2023-01-21,ODI # 4509,0,0
36,44,27,3,1,133.33,3,caught,1,New Zealand,Indore,2023-01-24,ODI # 4511,0,0
4,15,9,1,0,44.44,3,lbw,2,Australia,Wankhede,2023-03-17,ODI # 4538,0,0
31,79,35,4,0,88.57,3,lbw,1,Australia,Visakhapatnam,2023-03-19,ODI # 4541,0,0
54,118,72,2,1,75.0,3,caught,2,Australia,Chennai,2023-03-22,ODI # 4545,0,0
0,0,0,0,0,0.0,-,-,2,West Indies,Bridgetown,2023-07-27,ODI # 4622,0,1
4,8,7,1,0,57.14,3,bowled,1,Pakistan,Pallekele,2023-09-02,ODI # 4630,0,0
0,0,0,0,0,0.0,-,-,2,Nepal,Pallekele,2023-09-04,ODI # 4632,0,1
122,147,94,9,3,129.78,3,not out,1,Pakistan,Colombo (RPS),2023-09-10,ODI # 4639,1,0
3,12,12,0,0,25.0,3,caught,1,Sri Lanka,Colombo (RPS),2023-09-12,ODI # 4641,0,0
0,0,0,0,0,0.0,-,-,2,Sri Lanka,Colombo (RPS),2023-09-17,ODI # 4649,0,1
56,63,61,5,1,91.8,3,caught,2,Australia,Rajkot,2023-09-27,ODI # 4657,0,0
85,171,116,6,0,73.27,3,caught,2,Australia,Chennai,2023-10-08,ODI # 4662,0,0
55,64,56,6,0,98.21,3,not out,2,Afghanistan,Delhi,2023-10-11,ODI # 4666,1,0
16,31,18,3,0,88.88,3,caught,2,Pakistan,Ahmedabad,2023-10-14,ODI # 4669,0,0
103,113,97,6,4,106.18,3,not out,2,Bangladesh,Pune,2023-10-19,ODI # 4674,1,0
95,154,104,8,2,91.34,3,caught,2,New Zealand,Dharamsala,2023-10-22,ODI # 4678,0,0
0,12,9,0,0,0.0,3,caught,1,England,Lucknow,2023-10-29,ODI # 4686,0,0
88,139,94,11,0,93.61,3,caught,1,Sri Lanka,Wankhede,2023-11-02,ODI # 4690,0,0
101,195,121,10,0,83.47,3,not out,1,South Africa,Eden Gardens,2023-11-05,ODI # 4694,1,0
51,69,56,5,1,91.07,3,bowled,1,Netherlands,Bengaluru,2023-11-12,ODI # 4702,0,0
117,149,113,9,2,103.53,3,caught,1,New Zealand,Wankhede,2023-11-15,ODI # 4703,0,0
54,99,63,4,0,85.71,3,bowled,1,Australia,Ahmedabad,2023-11-19,ODI # 4705,0,0
24,42,32,2,0,75.0,3,lbw,2,Sri Lanka,Colombo (RPS),2024-08-02,ODI # 4752,0,0
14,27,19,2,0,73.68,3,lbw,2,Sri Lanka,Colombo (RPS),2024-08-04,ODI # 4753,0,0
20,29,18,4,0,111.11,3,lbw,2,Sri Lanka,Colombo (RPS),2024-08-07,ODI # 4754,0,0
5,12,8,1,0,62.5,3,caught,2,England,Cuttack,2025-02-09,ODI # 4828,0,0
52,74,55,7,1,94.54,3,caught,1,England,Ahmedabad,2025-02-12,ODI # 4833,0,0
22,0,38,1,0,57.89,3,caught,2,Bangladesh,Dubai (DICS),2025-02-20,ODI # 4844,0,0
100,151,111,7,0,90.09,3,not out,2,Pakistan,Dubai (DICS),2025-02-23,ODI # 4847,1,0
11,18,14,2,0,78.57,3,caught,1,New Zealand,Dubai (DICS),2025-03-02,ODI # 4852,0,0
84,135,98,5,0,85.71,3,caught,2,Australia,Dubai (DICS),2025-03-04,ODI # 4853,0,0
1,4,2,0,0,50.0,3,lbw,2,New Zealand,Dubai (DICS),2025-03-09,ODI # 4858,0,0
